StatementID,Statement
261,"develop positive attitudes to reading and understanding of what they read by:<br />- listening to and discussing a wide range of fiction, poetry, plays, non-fiction and reference books or textbooks<br />- reading books that are structured in different ways and reading for a range of purposes<br />- using dictionaries to check the meaning of words that they have read<br />- increasing their familiarity with a wide range of books, including fairy stories, myths and legends, and retelling some of these orally<br />- identifying themes and conventions in a wide range of books <br />- preparing poems and play scripts to read aloud and to perform, showing understanding through intonation, tone, volume and action<br />- discussing words and phrases that capture the reader?s interest and imagination<br />- recognising some different forms of poetry"
224511,describe in simple terms how fossils are formed when things that have lived are trapped within rock
593,Enjoys an increasing range of books.
1921,
238,read words containing common suffixes
23,"interpret negative numbers in context, count forwards and backwards with positive and negative whole numbers, including through zero"
1234,
1898,
215,ask relevant questions to extend their understanding and knowledge
1211,"describe the Sun, Earth and Moon as approximately spherical bodies"
5788,
2468,
2207,
1543,
2136,
2800,
192,describe positions on the full coordinate grid (all four quadrants)
1188,"observe that some materials change state when they are heated or cooled, and measure or research the temperature at which this happens in degrees Celsius (Â°C)"
69,divide numbers up to 4 digits by a one-digit number using the formal written method of short division and interpret remainders appropriately for the context
1520,
92,"solve problems involving increasingly harder fractions to calculate quantities, and fractions to divide quantities, including non-unit fractions where the answer is a whole number"
501,"estimate and read time with increasing accuracy to the nearest minute; record and compare time in terms of seconds, minutes and hours; use vocabulary such as o'clock, am/pm, morning, afternoon, noon and midnight"
225267,recognise that sounds get fainter as the distance from the sound source increases.
115,"multiply simple pairs of proper fractions, writing the answer in its simplest form  [for example, ? x ? = 1/8"
1117,"reporting on findings from enquiries, including oral and written explanations, displays or presentations of results and conclusions"
1781,
209,use simple formulae
223469,"explore the part that flowers play in the life cycle of flowering plants, including pollination, seed formation and seed dispersal."
1635,
2794,
19688,NULL
284,"apply simple spelling rules and guidance, as listed in English Appendix 1"
161,recognise and name common 2-D and 3-D shapes.
225413,"identify whether or not a lamp will light in a simple series circuit, based on whether or not the lamp is part of a complete loop with a battery"
29,"use negative numbers in context, and calculate intervals across zero"
232,"read words with contractions [for example, I'm, I'll, we'll], and understand that the apostrophe represents the omitted letter(s)"
1357,
2199,
1689,
1904,
564,"They recognise at least half the letters of the alphabet by shape, name or sound"
1297,
315,"plan their writing by:<br />- discussing writing similar to that which they are planning to write in order to understand and learn from its structure, vocabulary and grammar<br />- discussing and recording ideas"
278,"participate in discussions about books that are read to them and those they can read for themselves, building on their own and others? ideas and challenging views courteously"
1950,
169,draw 2-D shapes and make 3-D shapes using modelling materials; recognise 3-D shapes in different orientations and describe them.
175,identify lines of symmetry in 2-D shapes presented in different orientations
2677,
1503,
225421,"compare and give reasons for variations in how components function, including the brightness of bulbs, the loudness of buzzers and the on/off position of switches"
424,They continue to rote count onwards from a given small number.
324,"read aloud their own writing, to a group or the whole class, using appropriate intonation and controlling the tone and volume so that the meaning is clear"
1111,gathering and recording data to help in answering questions
221,speak audibly and fluently with an increasing command of Standard English
470,solve number problems and practical problems involving these ideas
1303,
1798,
75,multiply multi-digit numbers up to 4 digits by a two-digit whole number using the formal written method of long multiplication
1157,"construct and interpret a variety of food chains, identifying producers, predators and prey."
1403,
222573,"setting up simple practical enquiries, comparative and fair tests"
344,indicate grammatical and other features by:<br />-  using commas after fronted adverbials<br />- indicating possession by using the possessive apostrophe with plural nouns<br />- using and punctuating direct speech
1340,
1506,
1197,"identify whether or not a lamp will light in a simple series circuit, based on whether or not the lamp is part of a complete loop with a battery"
201,"solve comparison, sum and difference problems using information presented in a line graph"
1363,
1695,
191819,NULL
464,read and write numbers from 1 to 20 in numerals and words
132,find different combinations of coins that equal the same amounts of money
1128,"identify that most living things live in habitats to which they are suited and describe how different habitats provide for the basic needs of different kinds of animals and plants, and how they depend on each other"
5797,
487,"solve problems involving addition, subtraction, multiplication and division"
1532,
2196,
5774,
2073,
222579,"recording findings using simple scientific language, drawings, labelled diagrams, keys, bar charts, and tables"
9,"recognise the place value of each digit in a two-digit number (tens, ones)"
1171,describe in simple terms how fossils are formed when things that have lived are trapped within rock
181,"know angles are measured in degrees: estimate and compare acute, obtuse and reflex angles"
223761,"describe and compare the structure of a variety of common animals (fish, amphibians, reptiles, birds and mammals, including pets)"
223767,"identify that humans and some other animals have skeletons and muscles for support, protection and movement."
225261,recognise that vibrations from sounds travel through a medium to the ear
1148,"describe and compare the structure of a variety of common animals (fish, amphibians, reptiles, birds and mammals, including pets)"
158,recognise when it is possible to use formulae for area and volume of shapes
109,solve problems involving number up to three decimal places
1389,
630,"Selects the correct numeral to represent 1 to 5, then 1 to 10 objects."
556,They use an extensive vocabulary to convey meaning to the listener
224969,"predict whether two magnets will attract or repel each other, depending on which poles are facing"
481,"add and subtract numbers with up to 3 digits, using formal written methods of columnar addition and subtraction"
338,"learn how to use:sentences with different forms:<br />- -statement, question, exclamation, command<br />- expanded noun phrases to describe and specify [for example, the blue butterfly]<br />- the present and past tenses correctly and consistently including the progressive form<br />- subordination (using when, if, that, or because) and co-ordination (using or, and, or but)<br />-  the grammar for year 2 in English Appendix 2<br />- some features of written Standard English"
2259,
1832,
4666,
244,"read further exception words, noting the unusual correspondences between spelling and sound, and where these occur in the word."
1191,recognise that vibrations from sounds travel through a medium to the ear
195,ask and answer simple questions by counting the number of objects in each category and sorting the categories by quantity
1240,
1228,
2365,
2863,
2353,
301,use spacing between words that reflects the size of the letters.
1961,
1632,
1383,
2210,
1618,
252,explain clearly their understanding of what is read to them.
1177,recognise that light appears to travel in straight lines
1669,
2167,
1924,
1918,
146,solve problems involving converting from hours to minutes; minutes to seconds; years to months; weeks to days.
152,solve problems involving converting between units of time
1277,
1775,
6146,
1769,
295,form capital letters
52,"recall and use multiplication and division facts for the 2, 5 and 10 multiplication tables, including recognising odd and even numbers"
1134,"describe the differences in the life cycles of a mammal, an amphibian, an insect and a bird"
2216,
1626,
1967,
2708,
493,"recognise and show, using diagrams, equivalent fractions with small denominators"
1575,
224663,recognise that light from the sun can be dangerous and that there are ways to protect their eyes
95,recognise and write decimal equivalents to 1/4; 1/2; 3/4
427,In practical situations they respond to 'add one' to or 'take one away' from a number of objects.
223017,recognise that living things can be grouped in a variety of ways
72,"solve problems involving multiplication and division including using their knowledge of factors and multiples, squares and cubes"
189,"compare and classify geometric shapes based on their properties and sizes and find unknown angles in any triangles, quadrilaterals, and regular polygons"
1400,
473,count backwards through 0 to include negative numbers
1137,give reasons for classifying plants and animals based on specific characteristics
224963,observe how magnets attract or repel each other and attract some materials and not others
2465,
1114,"making systematic and careful observations and, where appropriate, taking accurate measurements using standard units, using a range of equipment, including thermometers and data loggers"
118,"identify the value of each digit in numbers given to three decimal places and multiply and divide numbers by 10, 100 and 1000 giving answers up to three decimal places"
2442,
335,"develop their understanding of the concepts set out in English Appendix 2 by:<br />- leaving spaces between words<br />- joining words and joining clauses using and<br />- beginning to punctuate sentences using a capital letter and a full stop, question mark or exclamation mark<br />- using a capital letter for names of people, places, the days of the week, and the personal pronoun ?I?<br />- learning the grammar for year 1 in English Appendix 2"
264,"participate in discussion about both books that are read to them and those they can read for themselves, taking turns and listening to what others say."
258,"understand what they read, in books they can read independently, by:<br />- checking that the text makes sense to them, discussing their understanding and explaining the meaning of words in context<br />- asking questions to improve their understanding of a text<br />-  drawing inferences such as inferring characters? feelings, thoughts and motives from their actions, and justifying inferences with evidence<br />-  predicting what might happen from details stated and implied<br />- identifying main ideas drawn from more than one paragraph and summarising these<br />- identifying how language, structure, and presentation contribute to meaning"
2256,
2843,
281,Spell: <br />- words containing each of the 40+ phonemes already taught<br />- common exception words<br />- the days of the week:
2820,
212,find pairs of numbers that satisfy an equation with two unknowns
1638,
2471,
5791,
235,continue to apply phonic knowledge and skills as the route to decode words until automatic decoding has become embedded and reading is fluent
5768,
222585,"identifying differences, similarities or changes related to simple scientific ideas and processes"
1686,
2866,
1784,
1168,observe changes across the four seasons
172,identify horizontal and vertical lines and pairs of perpendicular and parallel lines.
1500,
1346,
223011,"identify that most living things live in habitats to which they are suited and describe how different habitats provide for the basic needs of different kinds of animals and plants, and how they depend on each other"
226011,"identify the effects of air resistance, water resistance and friction, that act between moving surfaces"
421,"Pupils talk about, recognise and copy simple repeating patterns and sequences"
78,"perform mental calculations, including with mixed operations and large numbers"
66,establish whether a number up to 100 is prime and recall prime numbers up to 19
1406,
2187,
218,"give well-structured descriptions, explanations and narratives for different purposes, including for expressing feelings"
1214,"identify the effects of air resistance, water resistance and friction, that act between moving surfaces"
1300,
1546,
225713,"use knowledge of solids, liquids and gases to decide how mixtures might be separated, including through filtering, sieving and evaporating"
229,"read common exception words, noting unusual correspondences between spelling and sound and where these occur in the word"
32,represent and use number bonds and related subtraction facts within 20
327,"evaluate and edit by:<br />- assessing the effectiveness of their own and others? writing<br />- proposing changes to vocabulary, grammar and punctuation to enhance effects and clarify meaning<br />- ensuring the consistent and correct use of tense throughout a piece of writing<br />- ensuring correct subject and verb agreement when using singular and plural, distinguishing between the language of speech and writing and choosing the appropriate register"
1360,
1692,
1901,
1260,
1841,
318,proof-read for spelling and punctuation errors
1154,"identify that humans and some other animals have skeletons and muscles for support, protection and movement."
275,"discuss and evaluate how authors use language, including figurative language, considering the impact on the reader"
5777,
1646,
1947,
467,"compare and order numbers up to 1,000"
126,sequence events in chronological order using language
1208,"explain that some changes result in the formation of new materials, and that this kind of change is not usually reversible, including changes associated with burning and the action of acid on bicarbonate of soda."
225719,"explain that some changes result in the formation of new materials, and that this kind of change is not usually reversible, including changes associated with burning and the action of acid on bicarbonate of soda."
272,provide reasoned justifications for their views.
321,"draft and write by:<br />- composing and rehearsing sentences orally (including dialogue), progressively building a varied and rich vocabulary and an increasing range of sentence structures (English Appendix 2)<br />- organising paragraphs around a theme<br />- in narratives, creating settings, characters and plot<br />- in non-narrative material, using simple organisational devices [for example, headings and sub-headings]"
1108,performing simple tests
26,read Roman numerals to 1000 (M) and recognise years written in Roman numerals.
2239,
1895,
1354,
567,They show understanding of how text is arranged on the page
12,read and write numbers to at least 100 in numerals and in words
1174,notice that light is reflected from surfaces
178,describe movements between positions as translations of a given unit to the left/right and up/down
223764,"find out about and describe the basic needs of animals, including humans, for survival (water, food and air)"
1672,
35,solve problems with addition and subtraction:
1529,
2193,
5728,
2242,
461,"count, read and write numbers to 100 in numerals, count in different multiples including ones, twos, fives and tens"
129,"choose and use appropriate standard units to estimate and measure length/height in any direction (m/cm); mass (kg/g); temperature (?C); capacity (litres/ml) to the nearest appropriate unit, using rulers, scales, thermometers and measuring vessels"
1125,"reporting and presenting findings from enquiries, including conclusions, causal relationships and explanations of and degree of trust in results, in oral and written forms such as displays and other presentations"
1386,
2382,
106,"recognise and use thousandths and relate them to tenths, hundredths and decimal equivalents"
155,"use, read, write and convert between standard units, converting measurements of length, mass, volume and time from a smaller unit of measure to a larger unit, and vice versa, using decimal notation to up to three decimal places"
1151,"find out about and describe the basic needs of animals, including humans, for survival (water, food and air)"
1409,
1200,associate the brightness of a lamp or the volume of a buzzer with the number and voltage of cells used in the circuit
2860,
2811,
1815,
1337,
1343,
1509,
484,add and subtract numbers with up to 4 digits using the formal written methods of columnar addition and subtraction where appropriate
5771,
1217,"recognise that living things produce offspring of the same kind, but normally offspring vary and are not identical to their parents"
135,"tell and write the time to five minutes, including quarter past/to the hour and draw the hands on a clock face to show these times"
5794,
2791,
627,Counts actions or objects which cannot be moved.
1294,
222559,asking simple questions and recognising that they can be answered in different ways
112,use common factors to simplify fractions; use common multiples to express fractions in the same denomination
63,"solve problems involving multiplying and adding, including using the distributive law to multiply two digit numbers by one digit, integer scaling problems and harder correspondence problems such as n objects are connected to m objects."
1145,"explore the part that flowers play in the life cycle of flowering plants, including pollination, seed formation and seed dispersal."
1194,recognise that sounds get fainter as the distance from the sound source increases.
1907,
1366,
1243,
604,Uses some number names and number language spontaneously.
255,"participate in discussion about books, poems and other works that are read to them and those that they can read for themselves, taking turns and listening to what others say"
504,"interpret and present data using bar charts, pictograms and tables"
1180,use the idea that light travels in straight lines to explain why shadows have the same shape as the objects that cast them.
1927,
1915,
1417,
223770,"construct and interpret a variety of food chains, identifying producers, predators and prey."
1666,
1523,
2070,
55,"solve problems involving multiplication and division, using materials, arrays, repeated addition, mental methods, and multiplication and division facts, including problems in contexts."
304,"use the diagonal and horizontal strokes that are needed to join letters and understand which letters, when adjacent to one another, are best left unjoined"
292,"use further prefixes and suffixes and understand the guidance for adding them continue to distinguish between homophones and other words which are often confused<br />- spell some words with ?silent? letters [for example, knight, psalm, solemn] <br />- continue to distinguish between homophones and other words which are often confused <br />-  use knowledge of morphology and etymology in spelling and understand that the spelling of some words needs to be learnt specifically, as listed in English Appendix <br />- use dictionaries to check the spelling and meaning of words <br />- use the first three or four letters of a word to check spelling, meaning or both of these in a dictionary<br />- use a thesaurus."
2711,
1964,
633,"Uses the language of ""more"" and ""fewer"" to compare two sets of objects."
241,"read aloud books closely matched to their improving phonic knowledge, sounding out unfamiliar words accurately, automatically and without undue hesitation"
1237,
341,indicate grammatical and other features by:<br />-  using commas after fronted adverbials<br />- indicating possession by using the possessive apostrophe with plural nouns<br />- using and punctuating direct speech
347,"indicate grammatical and other features by:<br />- using commas to clarify meaning or avoid ambiguity in writing<br />- using hyphens to avoid ambiguity<br />- using brackets, dashes or commas to indicate parenthesis<br />- using semi-colons, colons or dashes to mark boundaries between independent clauses<br />- using a colon to introduce a list<br />- punctuating bullet points consistently"
98,compare numbers with the same number of decimal places up to two decimal places
2511,
590,"Links sounds to letters, naming and sounding the letters of the alphabet."
2262,
596,Begins to break the flow of speech into words.
490,count up and down in tenths; recognise that tenths arise from dividing an object into 10 equal parts and in dividing one-digit numbers or quantities by 10
2113,
298,form lower-case letters of the correct size relative to one another
49,"use rounding to check answers to calculations and determine, in the context of a problem, levels of accuracy"
1131,recognise that living things can be grouped in a variety of ways
1970,
2462,
198,solve one-step and two-step questions using information presented in scaled bar charts and pictograms and tables.
149,measure and calculate the perimeter of composite rectilinear shapes in centimetres and metres
1231,
1772,
1186,"predict whether two magnets will attract or repel each other, depending on which poles are facing"
190,"illustrate and name parts of circles, including radius, diameter and circumference and know that the diameter is twice the radius"
1518,
2846,
1209,"describe the movement of the Earth, and other planets, relative to the Sun in the solar system"
213,enumerate possibilities of combinations of two variables
223467,investigate the way in which water is transported within plants
2205,
2869,
144,"estimate, compare and calculate different measures, including money in pounds and pence"
476,"identify, represent and estimate numbers using different representations"
1140,observe and describe how seeds and bulbs grow into mature plants
222565,identifying and classifying
167,order and arrange combinations of mathematical objects in patterns and sequences
499,"add and subtract amounts of money to give change, using both £ and p in practical contexts"
1163,"identify and name a variety of everyday materials, including wood, plastic, glass, metal, water, and rock"
5786,
1827,
224509,compare and group together different kinds of rocks on the basis of their appearance and simple physical properties
1681,
2351,
1687,
336,use the grammatical terminology in English Appendix 2 in discussing their writing
330,"plan their writing by:<br />- identifying the audience for and purpose of the writing, selecting the appropriate form and using other similar writing as models for their own<br />- noting and developing initial ideas, drawing on reading and research where necessary<br />- in writing narratives, considering how authors have developed characters"
1633,
236,"read accurately by blending the sounds in words that contain the graphemes taught so far, especially recognising alternative sounds for graphemes"
307,"write legibly, fluently and with increasing speed by: <br />- choosing which shape of a letter to use when given choices and deciding whether or not to join specific letters<br />-  choosing the writing implement that is best suited for a task."
259,retrieve and record information from non-fiction
5792,
19686,NULL
113,"compare and order fractions, including fractions > 1"
1109,identifying and classifying
267,"discuss and evaluate how authors use language, including figurative language, considering the impact on the reader"
184,use the properties of rectangles to deduce related facts and find missing lengths and angles
5769,
2188,
1203,"compare and group together everyday materials on the basis of their properties, including their hardness, solubility, transparency, conductivity (electrical and thermal), and response to magnets"
1215,"recognise that some mechanisms, including levers, pulleys and gears, allow a smaller force to have a greater effect."
223461,observe and describe how seeds and bulbs grow into mature plants
1547,
422,"Pupils use their developing mathematical understanding of counting up to ten to solve simple problems encountered in play, games or other work."
67,"multiply numbers up to 4 digits by a one- or two-digit number using a formal written method, including long multiplication for two-digit numbers"
313,"make simple additions, revisions and corrections to their own writing by:<br />- evaluating their writing with the teacher and other pupils<br />- re-reading to check that their writing makes sense and that verbs to indicate time are used correctly and consistently, including verbs in the continuous form<br />-  proof-reading to check for errors in spelling, grammar and punctuation [for example, ends of sentences punctuated correctly]"
230,"read words containing taught GPCs and ?s, ?es, ?ing, ?ed, ?er and ?est endings"
1902,
1309,
1641,
562,"Pupils understand that words, symbols and pictures convey meaning"
223759,"identify and name a variety of common animals including fish, amphibians, reptiles, birds and mammals"
225419,associate the brightness of a lamp or the volume of a buzzer with the number and voltage of cells used in the circuit
276,distinguish between statements of fact and opinion
27,"read, write, order and compare numbers up to 10 000 000 and determine the value of each digit"
21,"read, write, order and compare numbers to at least 1,000,000 and determine the value of each digit"
1355,
1693,
127,"recognise and use language relating to dates, including days of the week, weeks, months and years"
121,solve problems which require answers to be rounded to specified degrees of accuracy
319,"read aloud their own writing, to a group or the whole class, using appropriate intonation and controlling the tone and volume so that the meaning is clear"
322,"evaluate and edit by: <br />- assessing the effectiveness of their own and others? writing and suggesting improvements<br />- proposing changes to grammar and vocabulary to improve consistency, including the accurate use of pronouns in sentences"
222571,asking relevant questions and using different types of scientific enquiries to answer them
1647,
1896,
1401,
568,They write or use their preferred mode of communication to set down their names with appropriate use of upper- and lower-case letters or appropriate symbols.
468,"identify, represent and estimate numbers using different representations"
173,"compare and classify geometric shapes, including quadrilaterals and triangles, based on their properties and sizes"
1501,
273,"maintain positive attitudes to reading and understanding of what they read by: <br />-  continuing to read and discuss an increasingly wide range of fiction, poetry, plays, non-fiction and reference books or textbooks<br />-  reading books that are structured in different ways and reading for a range of purposes<br />- increasing their familiarity with a wide range of books, including myths, legends and traditional stories, modern fiction, fiction, fiction from our literary heritage, and books from other cultures and traditions <br />-  recommending books that they have read to their peers, giving reasons for their choices<br />- identifying and discussing themes and conventions in and across a wide range of writing<br />- making comparisons within and across books<br />- learning a wider range of poetry by heart<br />- preparing poems and plays to read aloud and to perform, showing understanding through intonation, tone and volume so that the meaning is clear to an audience"
107,round decimals with two decimal places to the nearest whole number and to one decimal place
2265,
2194,
1767,
250,understand both the books they can already read accurately and fluently and those they listen to by: <br />- drawing on what they already know or on background information and vocabulary provided by the teacher<br />- checking that the text makes sense to them as they read and correcting inaccurate reading<br />- discussing the significance of the title and events<br />- making inferences on the basis of what is being said and done<br />- predicting what might happen on the basis of what has been read so far
1910,
1246,
1412,
485,estimate and use inverse operations to check answers to a calculation
58,"solve problems, including missing number problems, involving multiplication and division, including positive integer scaling problems and correspondence problems in which n objects are connected to m objects."
156,convert between miles and kilometres
1152,"describe the importance for humans of exercise, eating the right amounts of different types of food, and hygiene."
222577,"gathering, recording, classifying and presenting data in a variety of ways to help in answering questions"
1816,
462,"given a number, identify one more and one less"
1175,recognise that light from the sun can be dangerous and that there are ways to protect their eyes
130,"compare and order lengths, mass, volume/capacity and record the results using >, < and ="
1126,identifying scientific evidence that has been used to support or refute ideas or arguments.
81,"solve addition and subtraction multi-step problems in contexts, deciding which operations and methods to use and why"
224214,"find out how the shapes of solid objects made from some materials can be changed by squashing, bending, twisting and stretching."
225259,"identify how sounds are made, associating some of them with something vibrating"
2122,
1195,identify common appliances that run on electricity
5772,
1361,
2861,
191817,NULL
1338,
5795,
1295,
64,"identify multiples and factors, including finding all factor pairs of a number, and common factors of two numbers"
1146,"identify and name a variety of common animals including fish, amphibians, reptiles, birds and mammals"
38,"recall and use addition and subtraction facts to 20 fluently, and derive and use related facts up to 100"
1169,observe and describe weather associated with the seasons and how day length varies.
2792,
223765,"describe the importance for humans of exercise, eating the right amounts of different types of food, and hygiene."
628,"Counts objects to 10, and beginning to count beyond 10."
505,Pupils make simple estimates
101,"identify, name and write equivalent fractions of a given fraction, represented visually, including tenths and hundredths"
350,"indicate grammatical and other features by:<br />- using commas to clarify meaning or avoid ambiguity in writing<br />- using hyphens to avoid ambiguity<br />- using brackets, dashes or commas to indicate parenthesis<br />- using semi-colons, colons or dashes to mark boundaries between independent clauses<br />- using a colon to introduce a list<br />- punctuating bullet points consistently"
1773,
599,Can segment the sounds in simple words and blend them together.
256,"explain and discuss their understanding of books, poems and other material, both those that they listen to and those that they read for themselves."
207,solve problems involving similar shapes where the scale factor is known or can be found
224967,describe magnets as having two poles
1916,
1238,
1973,
1226,
224669,use the idea that light travels in straight lines to explain that objects are seen because they give out or reflect light into the eye
1667,
2712,
2257,
193,"draw and translate simple shapes on the coordinate plane, and reflect them in the axes"
1183,observe how magnets attract or repel each other and attract some materials and not others
293,"sit correctly at a table, holding a pencil comfortably and correctly"
342,use and understand the grammatical terminology in English Appendix 2 accurately and appropriately when discussing their writing and reading.
299,"start using some of the diagonal and horizontal strokes needed to join letters and understand which letters, when adjacent to one another, are best left unjoined"
2463,
1965,
150,"calculate and compare the area of rectangles (including squares), and including using standard units, square centimetres (cm2) and square metres (m2) and estimate the area of irregular shapes"
1232,
2806,
50,"solve addition and subtraction multi-step problems in contexts, deciding which operations and methods to use and why."
1132,"explore and use classification keys to help group, identify and name a variety of living things in their local and wider environment"
1673,
1624,
222597,"reporting and presenting findings from enquiries, including conclusions, causal relationships and explanations of and degree of trust in results, in oral and written forms such as displays and other presentations"
591,Begins to read words and simple sentences.
24,"round any number up to 1,000,000 to the nearest 10; 100; 1000; 10,000 and 100,000"
1945,
1684,
47,"add and subtract whole numbers with more than 4 digits, including using formal written methods (columnar addition and subtraction)"
1922,
1258,
2254,
224961,"notice that some forces need contact between two objects, but magnetic forces can act at a distance"
239,"read further common exception words, noting unusual correspondences between spelling and sound and where these occur in the word"
70,"multiply and divide whole numbers and those involving decimals by 10, 100 and 1000"
141,Convert between different units of measure
1235,
1899,
93,add and subtract fractions with the same denominator
216,use relevant strategies to build their vocabulary
1212,use the idea of the Earthâ€™s rotation to explain day and night and the apparent movement of the sun across the sky.
1544,
425,Pupils recognise differences in quantity.
222591,"taking measurements, using a range of scientific equipment, with increasing accuracy and precision, taking repeat readings when appropriate"
2540,
1189,identify the part played by evaporation and condensation in the water cycle and associate the rate of evaporation with temperature.
187,draw 2-D shapes using given dimensions and angles
5766,
1515,
2517,
287,"add suffixes to spell longer words, including ?ment, ?ness, ?ful, ?less, ?ly"
164,"identify and describe the properties of 3-D shapes, including the number of edges, vertices and faces"
1166,"identify and compare the suitability of a variety of everyday materials, including wood, metal, plastic, glass, brick, rock, paper and cardboard for particular uses"
502,"know the number of seconds in a minute and the number of days in each month, year and leap year"
5789,
1830,
2795,
310,read aloud their writing clearly enough to be heard by their peers and the teacher
233,read aloud accurately books that are consistent with their developing phonic knowledge and that do not require them to use other strategies to work out words
479,"read Roman numerals to 100 (I to C) and know that over time, the numeral system changed to include the concept of 0 and place value"
1143,"explore the requirements of plants for life and growth (air, light, water, nutrients from soil, and room to grow) and how they vary from plant to plant"
1561,
333,proof-read for spelling and punctuation errors
1120,using straightforward scientific evidence to answer questions or to support their findings.
210,generate and describe linear number sequences
2202,
279,"explain and discuss their understanding of what they have read, including through formal presentations and debates, maintaining a focus on the topic and using notes where necessary"
30,solve number and practical problems that involve all of the above.
1358,
1690,
2686,
223023,"describe the differences in the life cycles of a mammal, an amphibian, an insect and a bird"
316,"draft and write by:<br />- composing and rehearsing sentences orally (including dialogue), progressively building a varied and rich vocabulary and an increasing range of sentence structures (English Appendix 2)<br />- organising paragraphs around a theme<br />- in narratives, creating settings, characters and plot<br />- in non-narrative material, using simple organisational devices [for example, headings and sub-headings]"
1644,
226009,explain that unsupported objects fall towards the Earth because of the force of gravity acting between the Earth and the falling object
1298,
223009,"explore and compare the differences between things that are living, dead, and things that have never been alive"
1112,asking relevant questions and using different types of scientific enquiries to answer them
1106,asking simple questions and recognising that they can be answered in different ways
270,"participate in discussions about books that are read to them and those they can read for themselves, building on their own and others? ideas and challenging views courteously"
2191,
2185,
465,"count from 0 in multiples of 4, 8, 50 and 100; find 10 or 100 more or less than a given number"
170,recognise angles as a property of shape or a description of a turn.
176,complete a simple symmetric figure with respect to a specific line of symmetry.
1799,
225717,"demonstrate that dissolving, mixing and changes of state are reversible changes"
1504,
224,"consider and evaluate different viewpoints, attending to and building on the contributions of others"
1893,
1306,
1404,
565,"They associate sounds with patterns in rhymes, with syllables, and with words or symbols."
1206,"give reasons, based on evidence from comparative and fair tests, for the particular uses of everyday materials, including metals, wood and plastic"
124,"measure and begin to record the following: lengthsand heights; mass/weight; capacity and volume; time- hours, minutes, seconds"
223015,"describe how animals obtain their food from plants and other animals, using the idea of a simple food chain, and identify and name different sources of food."
1696,
2858,
191820,NULL
84,"recognise, find, name and write fractions 1/3; 1/4; 1/2 1/4; 3/4 of a length, shape"
1578,
227,"respond speedily with the correct sound to graphemes (letters or groups of letters) for all 40+ phonemes, including, where applicable, alternative sounds for graphemes"
1149,"identify, name, draw and label the basic parts of the human body and say which part of the body is associated with each sense."
153,"use all four operations to solve problems involving measure using decimal notation, including scaling."
488,"use estimation to check answers to calculations and determine, in the context of a problem, an appropriate degree of accuracy"
5726,
559,They use conjunctions that suggest cause
204,calculate and interpret the mean as an average.
1507,
110,"recognise the per cent symbol (%) and understand that per cent relates to ?number of parts per hundred?, and write percentages as a fraction with denominator 100, and as a decimal"
2689,
225113,identify the part played by evaporation and condensation in the water cycle and associate the rate of evaporation with temperature.
602,"Writes own name and other things such as labels,captions."
10,"identify, represent and estimate numbers using different representations, including the number line"
1172,recognise that soils are made from rocks and organic matter.
133,"solve simple problems in a practical context involving addition and subtraction of money of the same unit, including giving change"
1123,"recording data and results of increasing complexity using scientific diagrams and labels, classification keys, tables, scatter graphs, bar and line graphs"
223762,"identify, name, draw and label the basic parts of the human body and say which part of the body is associated with each sense."
224211,describe the simple physical properties of a variety of everyday materials
625,Recognises numerals 1 to 5.
631,Counts an irregular arrangement of up to ten objects.
225711,"know that some materials will dissolve in liquid to form a solution, and describe how to recover a substance from a solution"
482,estimate the answer to a calculation and use inverse operations to check answers
61,recognise and use factor pairs and commutativity in mental calculations
1415,
1341,
1192,find patterns between the pitch of a sound and features of the object that produced it
196,ask and answer questions about totalling and comparing categorical data.
2354,
191814,NULL
41,recognise and use the inverse relationship between addition and subtraction and use this to check calculations and solve missing number problems.
90,"recognise and show, using diagrams, families of common equivalent fractions"
588,Hears and says the initial sound in words.
1535,
2709,
253,"develop pleasure in reading, motivation to read, vocabulary and understanding by:<br />- listening to, discussing and expressing views about a wide range of contemporary and classic poetry, stories and non-fiction at a level beyond that at which they can read independently<br />- discussing the sequence of events in books and how items of information are related<br />-  becoming increasingly familiar with and retelling a wider range of stories, fairy stories and traditional tales<br />- being introduced to non-fiction books that are structured in different ways<br />-  recognising simple recurring literary language in stories and poetry<br />- discussing and clarifying the meanings of words, linking new meanings to known vocabulary<br />- discussing their favourite words and phrases<br />- continuing to build up a repertoire of poems learnt by heart, appreciating these and reciting some, with appropriate intonation to make the meaning clear"
290,"use further prefixes and suffixes and understand how to add them (English Appendix 1)<br />- spell further homophones<br />- spell words that are often misspelt (English Appendix 1)<br />- place the possessive apostrophe accurately in words with regular plurals [for example, girls?, boys?] and in words with irregular plurals [for example, children?s]<br />- use the first two or three letters of a word to check its spelling in a dictionary<br />- write from memory simple sentences, dictated by the teacher, that include words and punctuation taught so far."
339,use and understand the grammatical terminology in English Appendix 2 in discussing their writing.
1913,
1962,
4667,
104,"multiply proper fractions and mixed numbers by whole numbers, supported by materials and diagrams"
1521,
1770,
1527,
1278,
1776,
496,solve problems that involve all of the above
1129,"identify and name a variety of plants and animals in their habitats, including micro-habitats"
1621,
1670,
147,convert between different units of metric measure
1229,
296,form digits 0-9
247,"apply their growing knowledge of root words, prefixes and suffixes (morphology and etymology), as listed in English Appendix 1, both to read aloud and to understand the meaning of new words that they meet."
2411,
1919,
119,multiply one-digit numbers with up to two decimal places by whole numbers
1115,"gathering, recording, classifying and presenting data in a variety of ways to help in answering questions"
19684,NULL
96,"find the effect of dividing a one- or two-digit number by 10 and 100, identifying the value of the digits in the answer as ones, tenths and hundredths"
428,"They use ordinal numbers (first, second, third) when describing the position of objects, people or events."
165,identify 2-D shapes on the surface of 3-D shapes.
497,"measure, compare, add and subtract: lengths (m/cm/mm); mass (kg/g); volume/capacity (l/ml)"
2821,
474,"recognise the place value of each digit in a four-digit number (1,000s, 100s, 10s, and 1s)"
142,measure and calculate the perimeter of a rectilinear figure (including squares) in centimetres and metres
1138,"identify and name a variety of common wild and garden plants, including deciduous and evergreen trees"
282,name the letters of the alphabet:<br />- naming the letters of the alphabet in order<br />- using letter names to distinguish between alternative spellings of the same sound
288,"apply spelling rules and guidance, as listed in English Appendix 1"
211,express missing number problems algebraically
1616,
223465,"explore the requirements of plants for life and growth (air, light, water, nutrients from soil, and room to grow) and how they vary from plant to plant"
5790,
2867,
311,develop positive attitudes towards and stamina for writing by:<br />- writing narratives about personal experiences and those of others (real and fictional)<br />- writing about real events<br />- writing poetry<br />- writing for different purposes
305,"increase the legibility, consistency and quality of their handwriting [for example, by ensuring that the downstrokes of letters are parallel and equidistant; that lines of writing are spaced sufficiently so that the ascenders and descenders of letters do not touch]."
1190,"identify how sounds are made, associating some of them with something vibrating"
188,"recognise, describe and build simple 3-D shapes, including making nets"
222563,performing simple tests
1639,
1516,
2518,
503,compare durations of events
334,"perform their own compositions, using appropriate intonation, volume, and movement so that meaning is clear."
1167,"find out how the shapes of solid objects made from some materials can be changed by squashing, bending, twisting and stretching."
1831,
225411,"construct a simple series electrical circuit, identifying and naming its basic parts, including cells, wires, bulbs, switches and buzzers"
480,"add and subtract numbers mentally, including: a three-digit number and 1s; a three-digit number and 10s; a three-digit number and 100s"
234,re-read these books to build up their fluency and confidence in word reading.
1144,investigate the way in which water is transported within plants
1685,
5767,
1562,
225265,find patterns between the volume of a sound and the strength of the vibrations that produced it
2472,
125,recognise and know the value of different denominations of coins and notes
1785,
19690,NULL
219,"maintain attention and participate actively in collaborative conversations, staying on topic and initiating and responding to comments"
65,"Know and use the vocabulary of prime numbers, prime factors and composite (non-prime) numbers"
223024,describe the life process of reproduction in some plants and animals
2721,
79,"identify common factors, common multiples and prime numbers"
328,proof-read for spelling and punctuation errors
225417,"recognise some common conductors and insulators, and associate metals with being good conductors."
1407,
265,"maintain positive attitudes to reading and understanding of what they read by: <br />-  continuing to read and discuss an increasingly wide range of fiction, poetry, plays, non-fiction and reference books or textbooks<br />-  reading books that are structured in different ways and reading for a range of purposes<br />- increasing their familiarity with a wide range of books, including myths, legends and traditional stories, modern fiction, fiction, fiction from our literary heritage, and books from other cultures and traditions <br />-  recommending books that they have read to their peers, giving reasons for their choices<br />- identifying and discussing themes and conventions in and across a wide range of writing<br />- making comparisons within and across books<br />- learning a wider range of poetry by heart<br />- preparing poems and plays to read aloud and to perform, showing understanding through intonation, tone and volume so that the meaning is clear to an audience"
1347,
2675,
2687,
1207,"demonstrate that dissolving, mixing and changes of state are reversible changes"
1948,
5778,
1545,
223459,"identify and name a variety of common wild and garden plants, including deciduous and evergreen trees"
1201,"compare and give reasons for variations in how components function, including the brightness of bulbs, the loudness of buzzers and the on/off position of switches"
2535,
317,"evaluate and edit by:<br />- assessing the effectiveness of their own and others? writing and suggesting improvements<br />- proposing changes to grammar and vocabulary to improve consistency, including the accurate use of pronouns in sentences"
2186,
1645,
222569,gathering and recording data to help in answering questions
1301,
1155,describe the simple functions of the basic parts of the digestive system in humans
171,"identify right angles, recognise that two right angles make a half-turn, three make three quarters of a turn and four a complete turn; identify whether angles are greater than or less than a right angle."
73,"solve problems involving addition, subtraction, multiplication and division and a combination of these, including understanding the meaning of the equals sign"
225423,use recognised symbols when representing a simple circuit in a diagram
226161,"recognise that living things produce offspring of the same kind, but normally offspring vary and are not identical to their parents"
1107,"observing closely, using simple equipment"
25,solve number problems and practical problems that involve all of the above
271,"explain and discuss their understanding of what they have read, including through formal presentations and debates, maintaining a focus on the topic and using notes where necessary"
1894,
1353,
566,Pupils show awareness that writing can have a range of purposes
36,"using concrete objects and pictorial representations, including those involving numbers, quantities and measures"
1530,
1387,
5727,
2383,
224667,recognise that light appears to travel in straight lines
1410,
2243,
228,read accurately by blending sounds in unfamiliar words containing GPCs that have been taught
105,"read and write decimal numbers as fractions [for example, 0.71 = 71/100 ]"
179,plot specified points and draw sides to complete a given polygon.
2220,
1814,
560,Pupils take part in role play with confidence
460,"count from 0 to and across 100, forward and backwards, beginning with 0 or 1, and from any given number"
205,solve problems involving the relative sizes of two quantities where missing values can be found by using integer multiplication and division facts.
1124,using test results to make predictions to set up further comparative and fair tests
626,Counts up to three or four objects by saying one number name for each item.
224212,compare and group together a variety of everyday materials on the basis of their simple physical properties.
1367,
483,"solve problems, including missing number problems, using number facts, place value, and more complex addition and subtraction"
1344,
1510,
1908,
1416,
1244,
222583,"using results to draw simple conclusions, make predictions for new values, suggest improvements and raise further questions"
62,multiply two-digit and three-digit numbers by a one-digit number using formal written layout
13,use place value and number facts to solve problems.
136,know the number of minutes in an hour and the number of hours in a day.
603,Attempts to write short sentences in meaningful contexts.
291,"use further prefixes and suffixes and understand the guidance for adding them continue to distinguish between homophones and other words which are often confused<br />- spell some words with ?silent? letters [for example, knight, psalm, solemn] <br />- continue to distinguish between homophones and other words which are often confused <br />-  use knowledge of morphology and etymology in spelling and understand that the spelling of some words needs to be learnt specifically, as listed in English Appendix <br />- use dictionaries to check the spelling and meaning of words <br />- use the first three or four letters of a word to check spelling, meaning or both of these in a dictionary<br />- use a thesaurus."
2710,
242,re-read these books to build up their fluency and confidence in word reading
254,understand both the books that they can already read accurately and fluently and those that they listen to by:<br />- drawing on what they already know or on background information and vocabulary provided by the teacher<br />- checking that the text makes sense to them as they read and correcting inaccurate reading<br />- making inferences on the basis of what is being said and done<br />- answering and asking questions<br />- predicting what might happen on the basis of what has been read so far
1914,
1665,
2071,
56,"recall and use multiplication and division facts for the 3, 4 and 8 multiplication tables"
224361,observe and describe weather associated with the seasons and how day length varies.
2355,
223771,describe the changes as humans develop to old age.
191815,NULL
199,"interpret and present discrete and continuous data using appropriate graphical methods, including bar charts and time graphs."
1622,
224959,compare how things move on different surfaces
1628,
2114,
348,use and understand the grammatical terminology in English Appendix 2 accurately and appropriately in discussing their writing and reading.
1971,
1522,
2512,
491,"recognise, find and write fractions of a discrete set of objects: unit fractions and non-unit fractions with small denominators"
248,"apply their growing knowledge of root words, prefixes and suffixes (morphology and etymology), as listed in English Appendix 1, both to read aloud and to understand the meaning of new words that they meet."
1573,
224661,notice that light is reflected from surfaces
1181,compare how things move on different surfaces
99,solve simple measure and money problems involving fractions and decimals to two decimal places.
148,"understand and use approximate equivalences between metric units and common imperial units such as inches, pounds and pints"
2263,
1230,
2804,
1771,
285,write from memory simple sentences dictated by the teacher that include words using the GPCs and common exception words taught so far.
1210,describe the movement of the Moon relative to the Earth
1874,
5787,
2538,
262,"understand what they read, in books they can read independently, by:<br />- checking that the text makes sense to them, discussing their understanding and explaining the meaning of words in context<br />- asking questions to improve their understanding of a text<br />-  drawing inferences such as inferring characters? feelings, thoughts and motives from their actions, and justifying inferences with evidence<br />-  predicting what might happen from details stated and implied<br />- identifying main ideas drawn from more than one paragraph and summarising these<br />- identifying how language, structure, and presentation contribute to meaning"
1233,
1897,
594,Knows that information can be retrieved from books and computers.
168,"use mathematical vocabulary to describe position, direction and movement, including movement in a straight line and distinguishing between rotation as a turn and in terms of right angles for quarter, half and three-quarter turns (clockwise and anti-clockwise)."
500,"tell and write the time from an analogue clock, including using Roman numerals from I to XII, and 12-hour and 24-hour clocks"
1164,describe the simple physical properties of a variety of everyday materials
2492,
1828,
222589,"planning different types of scientific enquiries to answer questions, including recognising and controlling variables where necessary"
1187,"compare and group materials together, according to whether they are solids, liquids or gases"
191,"recognise angles where they meet at a point, are on a straight line, or are vertically opposite, and find missing angles."
1519,
2515,
116,"divide proper fractions by whole numbers [for example, 1/3 ? 2 = 1/6]"
1118,"using results to draw simple conclusions, make predictions for new values, suggest improvements and raise further questions"
224965,"compare and group together a variety of everyday materials on the basis of whether they are attracted to a magnet, and identify some magnetic materials"
1782,
477,"round any number to the nearest 10, 100 or 1,000"
1141,"find out and describe how plants need water, light and a suitable temperature to grow and stay healthy."
1688,
1682,
2352,
2469,
331,"draft and write by: <br />- selecting appropriate grammar and vocabulary, understanding how such choices can change and enhance meaning<br />-  in narratives, describing settings, characters and atmosphere and integrating dialogue to convey character and advance the action<br />- pr?cising longer passages<br />- using a wide range of devices to build cohesion within and across paragraphs<br />- using further organisational and presentational devices to structure text and to guide the reader [for example, headings, bullet points, underlining]"
162,"describe position, direction and movement, including whole, half, quarter and three-quarter turns."
224673,use the idea that light travels in straight lines to explain why shadows have the same shape as the objects that cast them.
308,write sentences by:<br />- saying out loud what they are going to write about<br />-  composing a sentence orally before writing it<br />- sequencing sentences to form short narratives<br />- re-reading what they have written to check that it makes sense
185,distinguish between regular and irregular polygons based on reasoning about equal sides and angles.
1636,
2841,
1204,"know that some materials will dissolve in liquid to form a solution, and describe how to recover a substance from a solution"
223462,"find out and describe how plants need water, light and a suitable temperature to grow and stay healthy."
1951,
225715,"give reasons, based on evidence from comparative and fair tests, for the particular uses of everyday materials, including metals, wood and plastic"
2200,
268,distinguish between statements of fact and opinion
231,read other words of more than one syllable that contain taught GPCs
563,"They recognise or read a growing repertoire of familiar words or symbols, including their own names"
325,"plan their writing by:<br />- identifying the audience for and purpose of the writing, selecting the appropriate form and using other similar writing as models for their own<br />- noting and developing initial ideas, drawing on reading and research where necessary<br />- in writing narratives, considering how authors have developed characters"
223760,"identify and name a variety of common animals that are carnivores, herbivores and omnivores"
314,read aloud what they have written with appropriate intonation to make the meaning clear.
1310,
1642,
223021,recognise that environments can change and that this can sometimes pose dangers to living things.
122,"recall and use equivalences between simple fractions,"
128,tell the time to the hour and half past the hour and draw the hands on a clock face to show these times.
471,"count in multiples of 6, 7, 9, 25 and 1,000"
22,"count forwards or backwards in steps of powers of 10 for any given number up to 1,000,000"
1356,
76,"divide numbers up to 4 digits by a two-digit whole number using the formal written method of long division, and interpret remainders as whole number remainders,  fractions, or by rounding, as appropriate for the context"
1158,describe the changes as humans develop to old age.
1502,
222,"participate in discussions, presentations, performances, role play, improvisations and debates"
2189,
1648,
1304,
1198,recognise that a switch opens and closes a circuit and associate this with whether or not a lamp lights in a simple series circuit
463,identify using objects and pictorial representations and use the vocabulary of: equal to; more than; less than (fewer); most; least
202,"complete, read and interpret information in tables, including timetables"
1127,"explore and compare the differences between things that are living, dead, and things that have never been alive"
1625,
1364,
5775,
225709,"compare and group together everyday materials on the basis of their properties, including their hardness, solubility, transparency, conductivity (electrical and thermal), and response to magnets"
225,select and use appropriate registers for effective communication
274,"understand what they read by:<br />- checking that the book makes sense to them, discussing their understanding and exploring the meaning of words in context<br />- asking questions to improve their understanding<br />- drawing inferences such as inferring characters? feelings, thoughts and motives from their actions, and justifying inferences with evidence<br />- predicting what might happen from details stated and implied<br />- summarising the main ideas drawn from more than one paragraph, identifying key details that support the main ideas<br />- identifying how language, structure and presentation contribute to meaning"
108,"read, write, order and compare numbers with up to three decimal places"
59,recall multiplication and division facts for multiplication tables up to 12 ? 12
1768,
2217,
557,They can use possessives
606,Recites numbers in order to 10.
251,"participate in discussion about what is read to them, taking turns and listening to what others say"
82,"recognise, find and name a half as one of two equal parts of an object, shape or quantity"
1247,
2074,
1911,
2097,
5798,
33,"add and subtract one-digit and two-digit numbers to 20, including zero"
39,"add and subtract numbers using concrete objects, pictorial representations, and mentally, including: a two-digit number and ones ; a two-digit number and tens ;two two-digit numbers; adding three one-digit numbers"
1960,
2695,
2197,
1533,
182,"draw given angles, and measure them in degrees (o)"
1147,"identify and name a variety of common animals that are carnivores, herbivores and omnivores"
223768,describe the simple functions of the basic parts of the digestive system in humans
1170,compare and group together different kinds of rocks on the basis of their appearance and simple physical properties
159,calculate the area of parallelograms and triangles
1413,
1241,
2080,
1905,
1390,
2521,
1121,"planning different types of scientific enquiries to answer questions, including recognising and controlling variables where necessary"
208,solve problems involving unequal sharing and grouping using knowledge of fractions and multiples
2793,
1619,
224209,distinguish between an object and the material from which it is made
2366,
102,"recognise mixed numbers and improper fractions and convert from one form to the other and write mathematical statements > 1 as a mixed number [for example, 2/5 + 4/5 = 6/5 = 1 1/5 ]"
53,"calculate mathematical statements for multiplication and division within the multiplication tables and write them using the multiplication (?), division (?) and equals (=) signs"
2260,
1774,
1227,
600,"Links sounds to letters, naming and sounding the letters of the alphabet."
337,"develop their understanding of the concepts set out in English Appendix 2 by:<br />- learning how to use both familiar and new punctuation correctly (see English Appendix 2), including full stops, capital letters, exclamation marks, question marks, commas for lists and apostrophes for contracted forms and the possessive (singular)"
1668,
302,"use the diagonal and horizontal strokes that are needed to join letters and understand which letters, when adjacent to one another, are best left unjoined"
351,use and understand the grammatical terminology in English Appendix 2 accurately and appropriately in discussing their writing and reading.
1384,
1925,
294,"begin to form lower-case letters in the correct direction, starting and finishing in the right place"
145,"read, write and convert time between analogue and digital 12- and 24-hour clocks"
1184,"compare and group together a variety of everyday materials on the basis of whether they are attracted to a magnet, and identify some magnetic materials"
1135,describe the life process of reproduction in some plants and animals
1178,use the idea that light travels in straight lines to explain that objects are seen because they give out or reflect light into the eye
637,"In practical activities and discussion, beginning to use the vocabulary involved in adding and subtracting."
494,add and subtract fractions with the same denominator within one whole 
245,"apply their growing knowledge of root words, prefixes and suffixes (etymology and morphology) as listed in English Appendix 1, both to read aloud and to understand the meaning of new words they meet"
1917,
1576,
345,use and understand the grammatical terminology in English Appendix 2 accurately and appropriately when discussing their writing and reading.
1968,
309,discuss what they have written with the teacher or other pupils
48,add and subtract numbers mentally with increasingly large numbers
222567,using their observations and ideas to suggest answers to questions
1637,
1969,
1305,
286,"spell by:<br />- segmenting spoken words into phonemes and representing these by graphemes, spelling many correctly<br />- learning new ways of spelling phonemes for which one or more spellings are already known, and learn some words with each spelling, including a few common homophones<br />-  learning to spell common exception words<br />- learning to spell more words with contracted forms<br />- learning the possessive apostrophe (singular) [for example, the girl?s book]<br />- distinguishing between homophones and near-homophones"
71,"recognise and use square numbers and cube numbers, and the notation for squared (2) and cubed (3)"
1946,
94,recognise and write decimal equivalents of any number of tenths or hundredths
263,retrieve and record information from non-fiction
1259,
1923,
2516,
595,"Gives meaning to marks they make as they draw, write and paint."
240,"read most words quickly and accurately, without overt sounding and blending, when they have been frequently encountered"
1113,"setting up simple practical enquiries, comparative and fair tests"
117,"associate a fraction with division and calculate decimal fraction equivalents [for example, 0.375] for a simple fraction [for example, 3/8]"
1900,
1236,
478,solve number and practical problems that involve all of the above and with increasingly large positive numbers
1142,"identify and describe the functions of different parts of flowering plants: roots, stem/trunk, leaves and flowers"
1213,explain that unsupported objects fall towards the Earth because of the force of gravity acting between the Earth and the falling object
2470,
163,"identify and describe the properties of 2-D shapes, including the number of sides and line symmetry in a vertical line"
1165,compare and group together a variety of everyday materials on the basis of their simple physical properties.
1829,
225409,identify common appliances that run on electricity
225415,recognise that a switch opens and closes a circuit and associate this with whether or not a lamp lights in a simple series circuit
257,"develop positive attitudes to reading and understanding of what they read by:<br />- listening to and discussing a wide range of fiction, poetry, plays, non-fiction and reference books or textbooks<br />- reading books that are structured in different ways and reading for a range of purposes<br />- using dictionaries to check the meaning of words that they have read<br />- increasing their familiarity with a wide range of books, including fairy stories, myths and legends, and retelling some of these orally<br />- identifying themes and conventions in a wide range of books <br />- preparing poems and play scripts to read aloud and to perform, showing understanding through intonation, tone, volume and action<br />- discussing words and phrases that capture the reader?s interest and imagination<br />- recognising some different forms of poetry"
186,"identify, describe and represent the position of a shape following a reflection or translation, using the appropriate language, and know that the shape has not changed."
1514,
1683,
2842,
1119,"identifying differences, similarities or changes related to simple scientific ideas and processes"
332,"evaluate and edit by:<br />- assessing the effectiveness of their own and others? writing<br />- proposing changes to vocabulary, grammar and punctuation to enhance effects and clarify meaning<br />- ensuring the consistent and correct use of tense throughout a piece of writing<br />- ensuring correct subject and verb agreement when using singular and plural, distinguishing between the language of speech and writing and choosing the appropriate register"
1783,
2865,
222561,"observing closely, using simple equipment"
1643,
1892,
1299,
280,provide reasoned justifications for their views.
77,"divide numbers up to 4 digits by a two-digit number using the formal written method of short division where appropriate, interpreting remainders according to the context"
1952,
1405,
1345,
31,"read, write and interpret mathematical statements involving addition (+), subtraction (?) and equals (=) signs"
326,"draft and write by: <br />- selecting appropriate grammar and vocabulary, understanding how such choices can change and enhance meaning<br />- in narratives, describing settings, characters and atmosphere and integrating dialogue to convey character and advance the action<br />- pr?cising longer passages<br />- using a wide range of devices to build cohesion within and across paragraphs<br />- using further organisational and presentational devices to structure text and to guide the reader [for example, headings, bullet points, underlining]"
1359,
1691,
223463,"identify and describe the functions of different parts of flowering plants: roots, stem/trunk, leaves and flowers"
472,"find 1,000 more or less than a given number"
217,"articulate and justify answers, arguments and opinions"
223,"gain, maintain and monitor the interest of the listener(s)"
466,"recognise the place value of each digit in a 3-digit number (100s, 10s, 1s)"
1800,
1153,"identify that animals, including humans, need the right types and amount of nutrition, and that they cannot make their own food; they get nutrition from what they eat"
222575,"making systematic and careful observations and, where appropriate, taking accurate measurements using standard units, using a range of equipment, including thermometers and data loggers"
2192,
269,"retrieve, record and present information from non-fiction"
1205,"use knowledge of solids, liquids and gases to decide how mixtures might be separated, including through filtering, sieving and evaporating"
123,"compare, describe and solve practical problems for:  lengths and heights, mass/weight, capacity and volume, time."
2238,
226,apply phonic knowledge and skills as the route to decode words
297,understand which letters belong to which handwriting ?families? (i.e. letters that are formed in similar ways) and to practise these.
60,"use place value, known and derived facts to multiply and divide mentally, including: multiplying by 0 and 1; dividing by 1; multiplying together three numbers"
5799,
2218,
558,They take part in role play with confidence
83,"recognise, find and name a quarter as one of four equal parts of an object, shape or quantity."
224665,find patterns in the way that the size of shadows change
5776,
2241,
2075,
1577,
226159,recognise that living things have changed over time and that fossils provide information about living things that inhabited the Earth millions of years ago
1173,recognise that they need light in order to see things and that dark is the absence of light
177,describe positions on a 2-D grid as coordinates in the first quadrant
1508,
224359,observe changes across the four seasons
1840,
1199,"recognise some common conductors and insulators, and associate metals with being good conductors."
203,interpret and construct pie charts and line graphs and use these to solve problems.
154,"solve problems involving the calculation and conversion of units of measure, using decimal notation up to three decimal places where appropriate"
1150,"notice that animals, including humans, have offspring which grow into adults"
1912,
2859,
134,compare and sequence intervals of time
1385,
1391,
34,"solve one-step problems that involve addition and subtraction, using concrete objects and pictorial representations, and missing number problems such as 7 = ? 9."
40,show that addition of two numbers can be done in any order (commutative) and subtraction of one number from another cannot
222581,"reporting on findings from enquiries, including oral and written explanations, displays or presentations of results and conclusions"
2198,
1534,
2690,
11,"compare and order numbers from 0 up to 100; use <, > and = signs"
183,identify:  angles at a point and one whole turn; angles at a point on a straight line and 1/2-a-turn and other multiples of 90 degrees
223763,"notice that animals, including humans, have offspring which grow into adults"
225263,find patterns between the pitch of a sound and features of the object that produced it
1342,
601,"Uses some clearly identifiable letters to communicate meaning, representing some sounds correctly and in sequence."
160,"calculate, estimate and compare volume of cubes and cuboids using standard units, including cubic centimetres (cm3) and cubic metres (m3), and extending to other units [for example, mm3 and km3]."
1193,find patterns between the volume of a sound and the strength of the vibrations that produced it
111,"solve problems which require knowing percentage and decimal equivalents of ? , ?, 1/5, 2/5, 4/5and those fractions with a denominator of a multiple of 10 or 25."
1242,
1906,
1365,
1414,
303,"increase the legibility, consistency and quality of their handwriting [for example, by ensuring that the downstrokes of letters are parallel and equidistant; that lines of writing are spaced sufficiently so that the ascenders and descenders of letters do not touch]."
54,show that multiplication of two numbers can be done in any order (commutative) and division of one number by another cannot
1963,
2461,
5793,
1122,"taking measurements, using a range of scientific equipment, with increasing accuracy and precision, taking repeat readings when appropriate"
224659,recognise that they need light in order to see things and that dark is the absence of light
1620,
224671,explain that we see things because light travels from light sources to our eyes or from light sources to objects and then to our eyes
2069,
224210,"identify and name a variety of everyday materials, including wood, plastic, glass, metal, water, and rock"
340,"develop their understanding of the concepts set out in English Appendix 2 by:<br />- range of conjunctions, including when, if, because, although<br />- using the present perfect form of verbs in contrast to the past tense<br />- choosing nouns or pronouns appropriately for clarity and cohesion and to avoid repetition<br />- using conjunctions, adverbs and prepositions to express time and cause<br />- using fronted adverbials<br />- learning the grammar for years 3 and 4 in English Appendix 2"
103,add and subtract fractions with the same denominator and denominators that are multiples of the same number
91,count up and down in hundredths; recognise that hundredths arise when dividing an object by one hundred and dividing tenths by ten.
4668,
223769,identify the different types of teeth in humans and their simple functions
289,"use further prefixes and suffixes and understand how to add them (English Appendix 1)<br />- spell further homophones<br />- spell words that are often misspelt (English Appendix 1)<br />- place the possessive apostrophe accurately in words with regular plurals [for example, girls?, boys?] and in words with irregular plurals [for example, children?s]<br />- use the first two or three letters of a word to check its spelling in a dictionary<br />- write from memory simple sentences, dictated by the teacher, that include words and punctuation taught so far."
1130,"describe how animals obtain their food from plants and other animals, using the idea of a simple food chain, and identify and name different sources of food."
1136,"describe how living things are classified into broad groups according to common observable characteristics and based on similarities and differences, including micro-organisms, plants and animals"
389,Pupils sort or match objects or pictures by recognising similarities.
495,"compare and order unit fractions, and fractions with the same denominators"
489,write simple fractions and know equivalence of 2/4 and 1/2
1528,
2659,
97,round decimals with one decimal place to the nearest whole number
346,"develop their understanding of the concepts set out in English Appendix 2 by:<br />- recognising vocabulary and structures that are appropriate for formal speech and writing, including subjunctive forms<br />- using passive verbs to affect the presentation of information in a sentence<br />- using the perfect form of verbs to mark relationships of time and cause<br />- using expanded noun phrases to convey complicated information concisely<br />- using modal verbs or adverbs to indicate degrees of possibility<br />- using relative clauses beginning with who, which, where, when, whose, that or with an implied (i.e. omitted) relative pronoun<br />- learning the grammar for years 5 and 6 in English Appendix 2"
1179,explain that we see things because light travels from light sources to our eyes or from light sources to objects and then to our eyes
1671,
1920,
2261,
589,Can segment the sounds in simple words and blend them together and knows which letters represent some of them.
246,"read further exception words, noting the unusual correspondences between spelling and sound, and where these occur in the word."
475,"order and compare numbers beyond 1,000"
214,listen and respond appropriately to adults and their peers
143,find the area of rectilinear shapes by counting squares
1139,"identify and describe the basic structure of a variety of common flowering plants, including trees."
2467,
2799,
237,read accurately words of two or more syllables that contain the same graphemes as above
120,use written division methods in cases where the answer has up to two decimal places
1116,"recording findings using simple scientific language, drawings, labelled diagrams, keys, bar charts, and tables"
2112,
1185,describe magnets as having two poles
223019,"explore and use classification keys to help group, identify and name a variety of living things in their local and wider environment"
1517,
2845,
166,compare and sort common 2-D and 3-D shapes and everyday objects.
498,measure the perimeter of simple 2-D shapes
1162,distinguish between an object and the material from which it is made
312,"consider what they are going to write before beginning by:<br />- planning or saying out loud what they are going to write about<br />- writing down ideas and/or key words, including new vocabulary<br />- encapsulating what they want to say, sentence by sentence"
306,"write legibly, fluently and with increasing speed by: <br />- choosing which shape of a letter to use when given choices and deciding whether or not to join specific letters<br />-  choosing the writing implement that is best suited for a task."
1634,
1640,
329,"perform their own compositions, using appropriate intonation, volume, and movement so that meaning is clear."
2204,
222587,using straightforward scientific evidence to answer questions or to support their findings.
260,"participate in discussion about both books that are read to them and those they can read for themselves, taking turns and listening to what others say."
429,Pupils estimate a small number (up to 10) and check by counting.
283,"add prefixes and suffixes:<br />- using the spelling rule for adding ?s or ?es as the plural marker for nouns and the third person singular marker for verbs<br />- using the prefix un?<br />- using ?ing, ?ed, ?er and ?est where no change is needed in the spelling of root words [for example, helping, helped, helper, eating, quicker, quickest]"
469,"read and write numbers up to 1,000 in numerals and in words"
220,"use spoken language to develop understanding through speculating, hypothesising, imagining and exploring ideas"
1216,recognise that living things have changed over time and that fossils provide information about living things that inhabited the Earth millions of years ago
1797,
2390,
114,"add and subtract fractions with different denominators and mixed numbers, using the concept of equivalent fractions"
1110,using their observations and ideas to suggest answers to questions
1903,
2081,
1786,
5770,
266,"understand what they read by:<br />- checking that the book makes sense to them, discussing their understanding and exploring the meaning of words in context<br />- asking questions to improve their understanding<br />- drawing inferences such as inferring characters? feelings, thoughts and motives from their actions, and justifying inferences with evidence<br />- predicting what might happen from details stated and implied<br />- summarising the main ideas drawn from more than one paragraph, identifying key details that support the main ideas<br />- identifying how language, structure and presentation contribute to meaning"
423,Pupils join in with rote counting to beyond 10.
2676,
277,"retrieve, record and present information from non-fiction"
80,use their knowledge of the order of operations to carry out calculations involving the four operations
68,multiply and divide numbers mentally drawing upon known facts
1949,
1408,
609,Sometimes matches numeral and quantity correctly.
1302,
2381,
561,Pupils listen attentively. They respond appropriately to questions about why or how
28,round any whole number to a required degree of accuracy
323,proof-read for spelling and punctuation errors
1694,
2530,
1202,use recognised symbols when representing a simple circuit in a diagram
223460,"identify and describe the basic structure of a variety of common flowering plants, including trees."
2536,
174,identify acute and obtuse angles and compare and order angles up to two right angles by size
223013,"identify and name a variety of plants and animals in their habitats, including micro-habitats"
226013,"recognise that some mechanisms, including levers, pulleys and gears, allow a smaller force to have a greater effect."
320,"plan their writing by:<br />- discussing writing similar to that which they are planning to write in order to understand and learn from its structure, vocabulary and grammar<br />- discussing and recording ideas"
1156,identify the different types of teeth in humans and their simple functions
74,"solve problems involving multiplication and division, including scaling by simple fractions and problems involving simple rates."
1697,
1402,
131,recognise and use symbols for pounds (£) and pence (p); combine amounts to make a particular value
1388,
249,"develop pleasure in reading, motivation to read, vocabulary and understanding by:<br />- listening to and discussing a wide range of poems, stories and non-fiction at a level beyond that at which they can read independently<br />- being encouraged to link what they read or hear read to their own experiences<br />- becoming very familiar with key stories, fairy stories and traditional tales, retelling them and considering their particular characteristics<br />- recognising and joining in with predictable phrases<br />- learning to appreciate rhymes and poems, and to recite some by heart<br />-  discussing word meanings, linking new meanings to those already known"
1245,
1411,
1909,
1176,find patterns in the way that the size of shadows change
180,"identify 3-D shapes, including cubes and other cuboids, from 2-D representations"
1505,
486,"solve addition and subtraction two-step problems in contexts, deciding which operations and methods to use and why"
2244,
224213,"identify and compare the suitability of a variety of everyday materials, including wood, metal, plastic, glass, brick, rock, paper and cardboard for particular uses"
1531,
2195,
5773,
2527,
57,"write and calculate mathematical statements for multiplication and division using the multiplication tables that they know, including for two-digit numbers times one-digit numbers, using mental and progressing to formal written methods"
5796,
1296,
555,"They link up to four key words, signs or symbols in communicating about their own experiences or in telling familiar stories, both in groups and one-to-one [for example, 'The hairy giant shouted at Finn']"
2221,
1196,"construct a simple series electrical circuit, identifying and naming its basic parts, including cells, wires, bulbs, switches and buzzers"
206,solve problems involving the calculation of percentages and the use of percentages for comparison.
157,recognise that shapes with the same areas can have different perimeters and vice versa
1362,
1511,
1339,
223766,"identify that animals, including humans, need the right types and amount of nutrition, and that they cannot make their own food; they get nutrition from what they eat"
37,applying their increasing knowledge of mental and written methods
1133,recognise that environments can change and that this can sometimes pose dangers to living things.
2805,
243,"apply their growing knowledge of root words, prefixes and suffixes (etymology and morphology) as listed in English Appendix 1, both to read aloud and to understand the meaning of new words they meet"
1276,
1239,
8,"count in steps of 2, 3, and 5 from 0, and in tens from any number, forward and backward"
349,"develop their understanding of the concepts set out in English Appendix 2 by:<br />- recognising vocabulary and structures that are appropriate for formal speech and writing, including subjunctive forms<br />- using passive verbs to affect the presentation of information in a sentence<br />- using the perfect form of verbs to mark relationships of time and cause<br />- using expanded noun phrases to convey complicated information concisely<br />- using modal verbs or adverbs to indicate degrees of possibility<br />- using relative clauses beginning with who, which, where, when, whose, that or with an implied (i.e. omitted) relative pronoun<br />- learning the grammar for years 5 and 6 in English Appendix 2"
2258,
598,Hears and says the initial sound in words.
1617,
2072,
300,"write capital letters and digits of the correct size, orientation and relationship to one another and to lower case letters"
51,"solve one-step problems involving multiplication and division, by calculating the answer using concrete objects, pictorial representations and arrays with the support of the teacher."
1972,
1966,
2215,
2464,
200,"solve comparison, sum and difference problems using information presented in bar charts, pictograms, tables and other graphs."
151,estimate volume and capacity
194,"interpret and construct simple pictograms, tally charts, block diagrams and simple tables"
1817,
100,compare and order fractions whose denominators are all multiples of the same number
1182,"notice that some forces need contact between two objects, but magnetic forces can act at a distance"
343,"develop their understanding of the concepts set out in English Appendix 2 by:<br />- range of conjunctions, including when, if, because, although<br />- using the present perfect form of verbs in contrast to the past tense<br />- choosing nouns or pronouns appropriately for clarity and cohesion and to avoid repetition<br />- using conjunctions, adverbs and prepositions to express time and cause<br />- using fronted adverbials<br />- learning the grammar for years 3 and 4 in English Appendix 2"
224513,recognise that soils are made from rocks and organic matter.
1674,
2264,
592,Uses vocabulary and forms of speech that are increasingly influenced by their experiences of books.
492,recognise and use fractions as numbers: unit fractions and non-unit fractions with small denominators
1574,
1623,
2115,